Product Link,Coordinated Product Name,Coordinated Product Price,Coordinated Product Number,Coordinated Product Image Link,Coordinated Product Page URL
https://shop.adidas.jp/products/IX6437,スタンスミスADV / STAN SMITHADV,"13,200",GX9753,https://shop.adidas.jp/photo/GX/GX9753/s-GX9753-standard-side_lateral_view.jpg,https://shop.adidas.jp/products/GX9753
https://shop.adidas.jp/products/IS3807/,DESIGNED FOR TRAINING ワークアウトショーツ,"4,950",IS3833,https://shop.adidas.jp/photo/IS/IS3833/s-IS3833-on_model-standard_view-t17FyTZvhE.jpg,https://shop.adidas.jp/products/IS3833
https://shop.adidas.jp/products/IS3231/,ウルトラブースト 1.0 / ULTRABOOST 1.0,"25,300",HQ4202,https://shop.adidas.jp/photo/HQ/HQ4202/s-HQ4202-standard-side_lateral_view-puEqF7VkFr.jpg,https://shop.adidas.jp/products/HQ4202
https://shop.adidas.jp/products/IS3231/,エッセンシャルズ シングルジャージー リニア刺しゅうロゴ 半袖Tシャツ,"2,750",IC9276,https://shop.adidas.jp/photo/IC/IC9276/s-IC9276-on_model-standard_view-lkplE73NHM.jpg,https://shop.adidas.jp/products/IC9276
https://shop.adidas.jp/products/IS3231/,モノグラム 総柄グラフィックソックス 2足組,"2,200",IQ4149,https://shop.adidas.jp/photo/IQ/IQ4149/s-IQ4149-3d_torso-side_center_view-NJnRlzWtO7.jpg,https://shop.adidas.jp/products/IQ4149
https://shop.adidas.jp/products/IS2661,プイグ インドア / PUIG INDOOR,"12,100",IE3151,https://shop.adidas.jp/photo/IE/IE3151/s-IE3151-standard-side_lateral_view-YQ7QuaY5Ry.jpg,https://shop.adidas.jp/products/IE3151
https://shop.adidas.jp/products/IS2661,スリーストライプス スケートチノパンツ,"10,450",IU0075,https://shop.adidas.jp/photo/IU/IU0075/s-IU0075-on_model-standard_unisex_pair_shot-gSubP6djuz.jpg,https://shop.adidas.jp/products/IU0075
https://shop.adidas.jp/products/IN6561/,レトロクロス,"9,990",GV6911,https://shop.adidas.jp/photo/GV/GV6911/s-GV6911-standard-side_lateral_view-UJx3zbaMPF.jpg,https://shop.adidas.jp/products/GV6911
https://shop.adidas.jp/products/IN6561/,ブレード ストレッチベルト,"4,950",HS5560,https://shop.adidas.jp/photo/HS/HS5560/s-HS5560-standard-front_view-y3TuYvd6l3.jpg,https://shop.adidas.jp/products/HS5560
https://shop.adidas.jp/products/IN6561/,ノベルティープリント 半袖ストレッチシャツ,"6,160",HZ0437,https://shop.adidas.jp/photo/HZ/HZ0437/s-HZ0437-on_model-standard_view-Z4dKJVh6lx.jpg,https://shop.adidas.jp/products/HZ0437
https://shop.adidas.jp/products/IS2662,スリーストライプス スケートチノパンツ,"8,360",IJ0970,https://shop.adidas.jp/photo/IJ/IJ0970/s-IJ0970-on_model-standard_unisex_pair_shot-G8h8fBSkYL.jpg,https://shop.adidas.jp/products/IJ0970
https://shop.adidas.jp/products/IS9595/,ウルトラブースト 1.0 / ULTRABOOST 1.0,"25,300",HQ4202,https://shop.adidas.jp/photo/HQ/HQ4202/s-HQ4202-standard-side_lateral_view-puEqF7VkFr.jpg,https://shop.adidas.jp/products/HQ4202
https://shop.adidas.jp/products/IS9595/,エッセンシャルズ シングルジャージー リニア刺しゅうロゴ 半袖Tシャツ,"2,750",IC9276,https://shop.adidas.jp/photo/IC/IC9276/s-IC9276-on_model-standard_view-lkplE73NHM.jpg,https://shop.adidas.jp/products/IC9276
https://shop.adidas.jp/products/IS9595/,モノグラム 総柄グラフィックソックス 2足組,"2,200",IQ4149,https://shop.adidas.jp/photo/IQ/IQ4149/s-IQ4149-3d_torso-side_center_view-NJnRlzWtO7.jpg,https://shop.adidas.jp/products/IQ4149
https://shop.adidas.jp/products/IN6562/,ブレード ストレッチベルト,"4,950",HS5558,https://shop.adidas.jp/photo/HS/HS5558/s-HS5558-standard-front_view-rXYp40Er3v.jpg,https://shop.adidas.jp/products/HS5558
https://shop.adidas.jp/products/IN6562/,ソーラーモーション ボア 24,"17,930",IF0284,https://shop.adidas.jp/photo/IF/IF0284/s-IF0284-standard-side_lateral_view-5OnRgP2oU8.jpg,https://shop.adidas.jp/products/IF0284
https://shop.adidas.jp/products/IN6562/,HEAT.RDY BOSジャガードポロ,"10,890",IN2796,https://shop.adidas.jp/photo/IN/IN2796/s-IN2796-on_model-standard_view-SLuDTy8sLc.jpg,https://shop.adidas.jp/products/IN2796
https://shop.adidas.jp/products/IS3233/,ウルトラブースト 1.0 / ULTRABOOST 1.0,"25,300",HQ4202,https://shop.adidas.jp/photo/HQ/HQ4202/s-HQ4202-standard-side_lateral_view-puEqF7VkFr.jpg,https://shop.adidas.jp/products/HQ4202
https://shop.adidas.jp/products/IS3233/,エッセンシャルズ シングルジャージー リニア刺しゅうロゴ 半袖Tシャツ,"2,750",IC9276,https://shop.adidas.jp/photo/IC/IC9276/s-IC9276-on_model-standard_view-lkplE73NHM.jpg,https://shop.adidas.jp/products/IC9276
https://shop.adidas.jp/products/IS3233/,モノグラム 総柄グラフィックソックス 2足組,"2,200",IQ4149,https://shop.adidas.jp/photo/IQ/IQ4149/s-IQ4149-3d_torso-side_center_view-NJnRlzWtO7.jpg,https://shop.adidas.jp/products/IQ4149
https://shop.adidas.jp/products/IR7920/,アディカラー クラシックス カットラインパンツ,"6,270",HK7429,https://shop.adidas.jp/photo/HK/HK7429/s-HK7429-01-o9xrNHtZLt.jpg,https://shop.adidas.jp/products/HK7429
https://shop.adidas.jp/products/IR7890/,アディカラー コンテンポ フレンチテリー パーカー,"9,680",IR7868,https://shop.adidas.jp/photo/IR/IR7868/s-IR7868-on_model-standard_view-sYaWIDJNZy.jpg,https://shop.adidas.jp/products/IR7868
https://shop.adidas.jp/products/IU0085,ノラ / NORA,"13,200",IE3119,https://shop.adidas.jp/photo/IE/IE3119/s-IE3119-standard-side_lateral_view-7WwWPNGRhl.jpg,https://shop.adidas.jp/products/IE3119
https://shop.adidas.jp/products/IU0085,スリーストライプス スケートチノパンツ,"8,360",IJ0970,https://shop.adidas.jp/photo/IJ/IJ0970/s-IJ0970-on_model-standard_unisex_pair_shot-G8h8fBSkYL.jpg,https://shop.adidas.jp/products/IJ0970
https://shop.adidas.jp/products/IS9596/,モノグラム 総柄グラフィックソックス 2足組,"2,200",IQ4149,https://shop.adidas.jp/photo/IQ/IQ4149/s-IQ4149-3d_torso-side_center_view-NJnRlzWtO7.jpg,https://shop.adidas.jp/products/IQ4149
https://shop.adidas.jp/products/IQ0494/,イタリア代表 24 ホームユニフォーム,"13,200",IN0657,https://shop.adidas.jp/photo/IN/IN0657/s-IN0657-on_model-standard_view-uMTciCV5x3.jpg,https://shop.adidas.jp/products/IN0657
https://shop.adidas.jp/products/IQ0494/,イタリア代表 24 ホームソックス,"2,970",IQ2157,https://shop.adidas.jp/photo/IQ/IQ2157/s-IQ2157-30-atl5BDD6QO.jpg,https://shop.adidas.jp/products/IQ2157
https://shop.adidas.jp/products/IU0091,シュムーフォイル ペインターパンツ（ジェンダーニュートラル）,"13,200",IU0080,https://shop.adidas.jp/photo/IU/IU0080/s-IU0080-on_model-standard_unisex_pair_shot-IaYvG9AhtR.jpg,https://shop.adidas.jp/products/IU0080
https://shop.adidas.jp/products/IU0092,シュムーフォイル ペインターパンツ（ジェンダーニュートラル）,"13,200",IU0080,https://shop.adidas.jp/photo/IU/IU0080/s-IU0080-on_model-standard_unisex_pair_shot-IaYvG9AhtR.jpg,https://shop.adidas.jp/products/IU0080
https://shop.adidas.jp/products/IN3312/,ウルトラブースト 1.0 / ULTRABOOST 1.0,"25,300",HQ4202,https://shop.adidas.jp/photo/HQ/HQ4202/s-HQ4202-standard-side_lateral_view-puEqF7VkFr.jpg,https://shop.adidas.jp/products/HQ4202
https://shop.adidas.jp/products/IP1895/,クラブ スリーストライプス テニスショーツ,"4,730",HS3253,https://shop.adidas.jp/photo/HS/HS3253/s-HS3253-on_model-standard_view-ZlZpI0nLfD.jpg,https://shop.adidas.jp/products/HS3253
https://shop.adidas.jp/products/IP1895/,テニス クッション クルーソックス1足,"2,530",HT1645,https://shop.adidas.jp/photo/HT/HT1645/s-HT1645-3d_torso-side_center_view-9DzLTFyixi.jpg,https://shop.adidas.jp/products/HT1645
https://shop.adidas.jp/products/IP1895/,コートジャム コントロール 3 テニス / COURTJAM CONTROL 3 TENNIS,"12,100",IF0458,https://shop.adidas.jp/photo/IF/IF0458/s-IF0458-standard-side_lateral_view-aPYy9Wp0UN.jpg,https://shop.adidas.jp/products/IF0458
https://shop.adidas.jp/products/IP8151/,ドイツ代表 24 ホームユニフォーム,"13,200",IP8139,https://shop.adidas.jp/photo/IP/IP8139/s-IP8139-on_model-standard_view-bNCN7MWhMS.jpg,https://shop.adidas.jp/products/IP8139
https://shop.adidas.jp/products/IP8151/,ドイツ代表 24 ホームソックス,"2,970",IP8164,https://shop.adidas.jp/photo/IP/IP8164/s-IP8164-30-DLOf5aIAmO.jpg,https://shop.adidas.jp/products/IP8164
https://shop.adidas.jp/products/IS0182/,トレフォイル エッセンシャルズ パンツ,"7,040",IA4837,https://shop.adidas.jp/photo/IA/IA4837/s-IA4837-on_model-standard_view-c0j3dQQHNe.jpg,https://shop.adidas.jp/products/IA4837
https://shop.adidas.jp/products/IS2902/,トレフォイル エッセンシャルズ パンツ,"7,040",IA4837,https://shop.adidas.jp/photo/IA/IA4837/s-IA4837-on_model-standard_view-c0j3dQQHNe.jpg,https://shop.adidas.jp/products/IA4837
https://shop.adidas.jp/products/IS2902/,アディカラー クラシックス バック+フロント トレフォイル ボクシーTシャツ,"6,270",II5760,https://shop.adidas.jp/photo/II/II5760/s-II5760-on_model-standard_view-HxFkJ9D28t.jpg,https://shop.adidas.jp/products/II5760
https://shop.adidas.jp/products/IT3712/,Y-3 RIVALRY,"60,500",IG4090,https://shop.adidas.jp/photo/IG/IG4090/s-IG4090-standard-side_lateral_view-NQs17BKRXE.jpg,https://shop.adidas.jp/products/IG4090
https://shop.adidas.jp/products/IT3712/,Y-3 DAD CAP,"14,850",IN2391,https://shop.adidas.jp/photo/IN/IN2391/s-IN2391-standard-front_view-WTpI6LTeDB.jpg,https://shop.adidas.jp/products/IN2391
https://shop.adidas.jp/products/IT3712/,Y-3 REAL MADRID PRE-MATCH SHORTS,"17,600",IT3714,https://shop.adidas.jp/photo/IT/IT3714/s-IT3714-on_model-standard_view-5xnvna1P74.jpg,https://shop.adidas.jp/products/IT3714
https://shop.adidas.jp/products/IN1103/,ガゼル / GAZELLE,"15,400",BB5498,https://shop.adidas.jp/photo/BB/BB5498/s-BB5498-standard-side_lateral_view.jpg,https://shop.adidas.jp/products/BB5498
https://shop.adidas.jp/products/IT3715/,Y-3 RIVALRY,"60,500",IG4090,https://shop.adidas.jp/photo/IG/IG4090/s-IG4090-standard-side_lateral_view-NQs17BKRXE.jpg,https://shop.adidas.jp/products/IG4090
https://shop.adidas.jp/products/IT3715/,Y-3 DAD CAP,"14,850",IN2391,https://shop.adidas.jp/photo/IN/IN2391/s-IN2391-standard-front_view-WTpI6LTeDB.jpg,https://shop.adidas.jp/products/IN2391
https://shop.adidas.jp/products/IT3715/,Y-3 CONVERTIBLE CROSSBODY BAG,"44,000",IR5775,https://shop.adidas.jp/photo/IR/IR5775/s-IR5775-31-Y5FnE9d0aZ.jpg,https://shop.adidas.jp/products/IR5775
https://shop.adidas.jp/products/IT3715/,Y-3 REAL MADRID PRE-MATCH JERSEY,"28,600",IS0046,https://shop.adidas.jp/photo/IS/IS0046/s-IS0046-on_model-standard_view-ryxN9z7vCk.jpg,https://shop.adidas.jp/products/IS0046
https://shop.adidas.jp/products/IT3715/,Y-3 REAL MADRID TRAVEL TRACK TOP,"48,400",IT3717,https://shop.adidas.jp/photo/IT/IT3717/s-IT3717-marketing-heromrktng_view_1-jVl8EkXMMy.jpg,https://shop.adidas.jp/products/IT3717
https://shop.adidas.jp/products/II5776/,スタンスミス / STAN SMITH,"10,890",FX5500,https://shop.adidas.jp/photo/FX/FX5500/s-FX5500-standard-side_lateral_view.jpg,https://shop.adidas.jp/products/FX5500
https://shop.adidas.jp/products/IT3718/,Y-3 RIVALRY,"60,500",IG4090,https://shop.adidas.jp/photo/IG/IG4090/s-IG4090-standard-side_lateral_view-NQs17BKRXE.jpg,https://shop.adidas.jp/products/IG4090
https://shop.adidas.jp/products/IT3718/,Y-3 MORPHED CROSSBODY BAG,"33,000",IN2395,https://shop.adidas.jp/photo/IN/IN2395/s-IN2395-standard-front_view-JSjDpJOOYt.jpg,https://shop.adidas.jp/products/IN2395
https://shop.adidas.jp/products/IT3718/,Y-3 MORPHED CAP,"14,850",IR5773,https://shop.adidas.jp/photo/IR/IR5773/s-IR5773-standard-front_view-BcYQJk4qZ8.jpg,https://shop.adidas.jp/products/IR5773
https://shop.adidas.jp/products/IT3718/,Y-3 REAL MADRID PRE-MATCH SHORTS,"17,600",IT3714,https://shop.adidas.jp/photo/IT/IT3714/s-IT3714-on_model-standard_view-5xnvna1P74.jpg,https://shop.adidas.jp/products/IT3714
https://shop.adidas.jp/products/IR6382/,バスケットボール トラックスーツ パンツ（ジェンダーニュートラル）,"11,000",IM9648,https://shop.adidas.jp/photo/IM/IM9648/s-IM9648-on_model-standard_unisex_pair_shot-i2lriU93KS.jpg,https://shop.adidas.jp/products/IM9648
https://shop.adidas.jp/products/IR6383/,バスケットボール トラックスーツ パンツ（ジェンダーニュートラル）,"11,000",IM9648,https://shop.adidas.jp/photo/IM/IM9648/s-IM9648-on_model-standard_unisex_pair_shot-i2lriU93KS.jpg,https://shop.adidas.jp/products/IM9648
https://shop.adidas.jp/products/IZ3168/,Y-3 RIVALRY,"60,500",IG4090,https://shop.adidas.jp/photo/IG/IG4090/s-IG4090-standard-side_lateral_view-NQs17BKRXE.jpg,https://shop.adidas.jp/products/IG4090
https://shop.adidas.jp/products/IZ3168/,Y-3 BACKPACK,"72,600",IR5792,https://shop.adidas.jp/photo/IR/IR5792/s-IR5792-standard-front_view-gEb2Ex5dOH.jpg,https://shop.adidas.jp/products/IR5792
https://shop.adidas.jp/products/IZ1620,ドイツ代表 24 ホームソックス,"2,970",IP8164,https://shop.adidas.jp/photo/IP/IP8164/s-IP8164-30-DLOf5aIAmO.jpg,https://shop.adidas.jp/products/IP8164
https://shop.adidas.jp/products/IM9382/,アディカラー クラシックス スプリンターショーツ,"6,600",IM9418,https://shop.adidas.jp/photo/IM/IM9418/s-IM9418-on_model-standard_view-VaovAStjHL.jpg,https://shop.adidas.jp/products/IM9418
https://shop.adidas.jp/products/IS8966/,AEROREADY テニス タイバンド,"2,200",IC3563,https://shop.adidas.jp/photo/IC/IC3563/s-IC3563-3d_torso-front_view-9gJ5Z3UFqj.jpg,https://shop.adidas.jp/products/IC3563
https://shop.adidas.jp/products/IS8966/,テニス リストバンド（L）,"1,870",IC3568,https://shop.adidas.jp/photo/IC/IC3568/s-IC3568-standard-front_view-Drg4sVgu0v.jpg,https://shop.adidas.jp/products/IC3568
https://shop.adidas.jp/products/IM9387/,FORUM LOW,"12,100",FY7756,https://shop.adidas.jp/photo/FY/FY7756/s-FY7756-standard-side_lateral_view.jpg,https://shop.adidas.jp/products/FY7756
https://shop.adidas.jp/products/IS3731/,HIIT ワークアウト HEAT. RDY 2-IN-1ショーツ,"8,250",IS3696,https://shop.adidas.jp/photo/IS/IS3696/s-IS3696-marketing-heromrktng_view_1-XOo7Isgr2v.jpg,https://shop.adidas.jp/products/IS3696
https://shop.adidas.jp/products/IS8970/,テニス エルゴショーツ,"6,050",IQ4736,https://shop.adidas.jp/photo/IQ/IQ4736/s-IQ4736-on_model-standard_view-1jYPxtX0up.jpg,https://shop.adidas.jp/products/IQ4736
https://shop.adidas.jp/products/IR7868/,アディカラー コンテンポ フレンチテリー スウェットパンツ,"8,360",IR7890,https://shop.adidas.jp/photo/IR/IR7890/s-IR7890-on_model-standard_view-hOqOdm3Exk.jpg,https://shop.adidas.jp/products/IR7890
https://shop.adidas.jp/products/IS8972/,テニス クッション クルーソックス1足,"2,530",HT1645,https://shop.adidas.jp/photo/HT/HT1645/s-HT1645-3d_torso-side_center_view-9DzLTFyixi.jpg,https://shop.adidas.jp/products/HT1645
https://shop.adidas.jp/products/IS8972/,AEROREADY テニス タイバンド,"2,200",IC3563,https://shop.adidas.jp/photo/IC/IC3563/s-IC3563-3d_torso-front_view-9gJ5Z3UFqj.jpg,https://shop.adidas.jp/products/IC3563
https://shop.adidas.jp/products/IS8972/,テニス リストバンド（L）,"1,870",IC3568,https://shop.adidas.jp/photo/IC/IC3568/s-IC3568-standard-front_view-Drg4sVgu0v.jpg,https://shop.adidas.jp/products/IC3568
https://shop.adidas.jp/products/IS8972/,テニス HEAT. RDY エルゴ ショーツ,"7,700",IW4072,https://shop.adidas.jp/photo/IW/IW4072/s-IW4072-on_model-standard_view-7guVhvJZea.jpg,https://shop.adidas.jp/products/IW4072
https://shop.adidas.jp/products/IW4072/,テニス クッション クルーソックス1足,"2,530",HT1645,https://shop.adidas.jp/photo/HT/HT1645/s-HT1645-3d_torso-side_center_view-9DzLTFyixi.jpg,https://shop.adidas.jp/products/HT1645
https://shop.adidas.jp/products/IW4072/,AEROREADY テニス タイバンド,"2,200",IC3563,https://shop.adidas.jp/photo/IC/IC3563/s-IC3563-3d_torso-front_view-9gJ5Z3UFqj.jpg,https://shop.adidas.jp/products/IC3563
https://shop.adidas.jp/products/IW4072/,テニス リストバンド（L）,"1,870",IC3568,https://shop.adidas.jp/photo/IC/IC3568/s-IC3568-standard-front_view-Drg4sVgu0v.jpg,https://shop.adidas.jp/products/IC3568
https://shop.adidas.jp/products/IW4072/,テニス HEAT. RDY プロ フリーリフト 3D リブ半袖Tシャツ,"7,700",IS8972,https://shop.adidas.jp/photo/IS/IS8972/s-IS8972-on_model-standard_view-zkS2MjDyUh.jpg,https://shop.adidas.jp/products/IS8972
https://shop.adidas.jp/products/IR9889/,アディカラー クラシックス スリーストライプス Tシャツ,"4,400",IM9391,https://shop.adidas.jp/photo/IM/IM9391/s-IM9391-on_model-standard_view-IfrhKyWP7U.jpg,https://shop.adidas.jp/products/IM9391
https://shop.adidas.jp/products/IR9889/,アディカラー クラシックス SST トラックパンツ（ジャージ）,"9,900",IR9879,https://shop.adidas.jp/photo/IR/IR9879/s-IR9879-on_model-standard_view-vDScbk88w7.jpg,https://shop.adidas.jp/products/IR9879
https://shop.adidas.jp/products/IM9419/,アディカラー クラシックス ファイヤーバード トラックトップ（ジャージ）,"9,240",IJ7059,https://shop.adidas.jp/photo/IJ/IJ7059/s-IJ7059-on_model-standard_view-zzpEGqoaOq.jpg,https://shop.adidas.jp/products/IJ7059
https://shop.adidas.jp/products/IN2985/,スーパーノヴァ ストライド MOVE FOR THE PLANET / SUPERNOVA STRIDE MOVE FOR THE PLANET,"13,200",IG8322,https://shop.adidas.jp/photo/IG/IG8322/s-IG8322-standard-side_lateral_view-O2DDABP8xQ.jpg,https://shop.adidas.jp/products/IG8322
https://shop.adidas.jp/products/IN2985/,MOVE FOR THE PLANET ショーツ,"6,600",IN2986,https://shop.adidas.jp/photo/IN/IN2986/s-IN2986-on_model-standard_view-eYzmtfpfyc.jpg,https://shop.adidas.jp/products/IN2986
https://shop.adidas.jp/products/IU2368/,FORUM LOW,"12,100",FY7756,https://shop.adidas.jp/photo/FY/FY7756/s-FY7756-standard-side_lateral_view.jpg,https://shop.adidas.jp/products/FY7756
https://shop.adidas.jp/products/IQ3741/,テレックス マルチ ウーブンパンツ,"10,450",HM4032,https://shop.adidas.jp/photo/HM/HM4032/s-HM4032-on_model-standard_view-8039otgiYP.jpg,https://shop.adidas.jp/products/HM4032
https://shop.adidas.jp/products/IQ3741/,テレックス マルチ 半袖Tシャツ,"4,950",HM4047,https://shop.adidas.jp/photo/HM/HM4047/s-HM4047-on_model-standard_view-QrQvSoNxQx.jpg,https://shop.adidas.jp/products/HM4047
https://shop.adidas.jp/products/IN2983/,スーパーノヴァ ライズ MOVE FOR THE PLANET / SUPERNOVA RISE MOVE FOR THE PLANET,"15,400",IG8328,https://shop.adidas.jp/photo/IG/IG8328/s-IG8328-standard-side_lateral_view-PeQYr7IGdY.jpg,https://shop.adidas.jp/products/IG8328
https://shop.adidas.jp/products/IN2983/,MOVE FOR THE PLANET ジャケット,"11,000",IN2984,https://shop.adidas.jp/photo/IN/IN2984/s-IN2984-marketing-heromrktng_view_1-XYqXSAlc8D.jpg,https://shop.adidas.jp/products/IN2984
https://shop.adidas.jp/products/IN2983/,MOVE FOR THE PLANET ショーツ,"6,600",IN2986,https://shop.adidas.jp/photo/IN/IN2986/s-IN2986-on_model-standard_view-eYzmtfpfyc.jpg,https://shop.adidas.jp/products/IN2986
https://shop.adidas.jp/products/IR7976/,スーパースター ADV / SUPERSTAR ADV,"14,300",GW6931,https://shop.adidas.jp/photo/GW/GW6931/s-GW6931-standard-side_lateral_view.jpg,https://shop.adidas.jp/products/GW6931
https://shop.adidas.jp/products/IQ3742/,テレックス XPERIOR パンツ,"15,400",IQ1401,https://shop.adidas.jp/photo/IQ/IQ1401/s-IQ1401-on_model-standard_view-DALXDrmDXK.jpg,https://shop.adidas.jp/products/IQ1401
https://shop.adidas.jp/products/IN2986/,スーパーノヴァ ストライド MOVE FOR THE PLANET / SUPERNOVA STRIDE MOVE FOR THE PLANET,"13,200",IG8322,https://shop.adidas.jp/photo/IG/IG8322/s-IG8322-standard-side_lateral_view-O2DDABP8xQ.jpg,https://shop.adidas.jp/products/IG8322
https://shop.adidas.jp/products/IN2986/,MOVE FOR THE PLANET AIRCHILL 半袖Tシャツ,"5,500",IN2985,https://shop.adidas.jp/photo/IN/IN2985/s-IN2985-marketing-heromrktng_view_1-0XjujLVQlk.jpg,https://shop.adidas.jp/products/IN2985
https://shop.adidas.jp/products/IR8001/,スリーストライプス スケートチノパンツ,"8,360",IJ0970,https://shop.adidas.jp/photo/IJ/IJ0970/s-IJ0970-on_model-standard_unisex_pair_shot-G8h8fBSkYL.jpg,https://shop.adidas.jp/products/IJ0970
https://shop.adidas.jp/products/IR7110/,Y-3 BUCKET HAT,"29,150",IS5226,https://shop.adidas.jp/photo/IS/IS5226/s-IS5226-standard-front_view-ik7FvCeIs1.jpg,https://shop.adidas.jp/products/IS5226
https://shop.adidas.jp/products/IN2984/,スーパーノヴァ ライズ MOVE FOR THE PLANET / SUPERNOVA RISE MOVE FOR THE PLANET,"15,400",IG8328,https://shop.adidas.jp/photo/IG/IG8328/s-IG8328-standard-side_lateral_view-PeQYr7IGdY.jpg,https://shop.adidas.jp/products/IG8328
https://shop.adidas.jp/products/IN2984/,MOVE FOR THE PLANET AIRCHILL 半袖Tシャツ,"5,500",IN2985,https://shop.adidas.jp/photo/IN/IN2985/s-IN2985-marketing-heromrktng_view_1-0XjujLVQlk.jpg,https://shop.adidas.jp/products/IN2985
https://shop.adidas.jp/products/IN2984/,MOVE FOR THE PLANET ショーツ,"6,600",IN2986,https://shop.adidas.jp/photo/IN/IN2986/s-IN2986-on_model-standard_view-eYzmtfpfyc.jpg,https://shop.adidas.jp/products/IN2986
https://shop.adidas.jp/products/IR8010/,オリジナルス ハット [BUCKET HAT CORE],"3,850",FQ4641,https://shop.adidas.jp/photo/FQ/FQ4641/s-FQ4641-standard-front_view.jpg,https://shop.adidas.jp/products/FQ4641
https://shop.adidas.jp/products/IR8010/,FORUM 84 LOW ADV,"15,400",FY7998,https://shop.adidas.jp/photo/FY/FY7998/s-FY7998-standard-side_lateral_view.jpg,https://shop.adidas.jp/products/FY7998
https://shop.adidas.jp/products/IR8010/,アディカラー アウトライン トレフォイルパンツ,"11,000",IR7984,https://shop.adidas.jp/photo/IR/IR7984/s-IR7984-on_model-standard_view-m6E0ms90uL.jpg,https://shop.adidas.jp/products/IR7984
https://shop.adidas.jp/products/IZ4919/,スーパースター XLG / SUPERSTAR XLG,"16,500",IF9995,https://shop.adidas.jp/photo/IF/IF9995/s-IF9995-standard-side_lateral_view-vD7e10qLd0.jpg,https://shop.adidas.jp/products/IF9995
https://shop.adidas.jp/products/IZ4919/,ORDINARY PEOPLE X トラックパンツ,"18,700",IZ4921,https://shop.adidas.jp/photo/IZ/IZ4921/s-IZ4921-on_model-standard_view-A2gSqqlZQh.jpg,https://shop.adidas.jp/products/IZ4921
https://shop.adidas.jp/products/IV5647/,Y-3 KAIWA,"60,500",IG4057,https://shop.adidas.jp/photo/IG/IG4057/s-IG4057-standard-side_lateral_view-StTAkepcMB.jpg,https://shop.adidas.jp/products/IG4057
https://shop.adidas.jp/products/IV5647/,Y-3 REAL MADRID TRAVEL SHORTS,"42,350",IV5779,https://shop.adidas.jp/photo/IV/IV5779/s-IV5779-marketing-heromrktng_view_1-TI7TrxQETQ.jpg,https://shop.adidas.jp/products/IV5779
https://shop.adidas.jp/products/IV5647/,Y-3 BUCKET HAT,"17,600",IX7001,https://shop.adidas.jp/photo/IX/IX7001/s-IX7001-standard-front_view-NfY7XVNGRc.jpg,https://shop.adidas.jp/products/IX7001
https://shop.adidas.jp/products/IR9394,キャンパス 80S / CAMPUS 80S,"15,400",FZ6154,https://shop.adidas.jp/photo/FZ/FZ6154/s-FZ6154-standard-side_lateral_view-K3Y6g1Tubb.jpg,https://shop.adidas.jp/products/FZ6154
https://shop.adidas.jp/products/IR9394,スリーストライプス スケートチノパンツ,"8,360",IJ0970,https://shop.adidas.jp/photo/IJ/IJ0970/s-IJ0970-on_model-standard_unisex_pair_shot-G8h8fBSkYL.jpg,https://shop.adidas.jp/products/IJ0970
https://shop.adidas.jp/products/IU0088/,アロハ スーパー / ALOHA SUPER,"14,300",IE0657,https://shop.adidas.jp/photo/IE/IE0657/s-IE0657-standard-side_lateral_view-7cb1ot1Ri4.jpg,https://shop.adidas.jp/products/IE0657
https://shop.adidas.jp/products/IU0088/,シュムーフォイル フェザーウェイトパーカー,"13,200",IU0106,https://shop.adidas.jp/photo/IU/IU0106/s-IU0106-on_model-standard_view-AKho4vuE7Z.jpg,https://shop.adidas.jp/products/IU0106
https://shop.adidas.jp/products/IU0209,サンバ / SAMBA,"18,700",IG9681,https://shop.adidas.jp/photo/IG/IG9681/s-IG9681-marketing-heromrktng_view_4-oIHqSxh3oi.jpg,https://shop.adidas.jp/products/IG9681
https://shop.adidas.jp/products/IZ4921/,スーパースター XLG / SUPERSTAR XLG,"16,500",IF9995,https://shop.adidas.jp/photo/IF/IF9995/s-IF9995-standard-side_lateral_view-vD7e10qLd0.jpg,https://shop.adidas.jp/products/IF9995
https://shop.adidas.jp/products/IZ4921/,ORDINARY PEOPLE X ジャケット,"18,700",IZ4919,https://shop.adidas.jp/photo/IZ/IZ4919/s-IZ4919-on_model-standard_view-p6NxBF4tzL.jpg,https://shop.adidas.jp/products/IZ4919
https://shop.adidas.jp/products/IM9418/,アディカラー クラシックス スリーストライプス Tシャツ,"4,400",IM9382,https://shop.adidas.jp/photo/IM/IM9382/s-IM9382-on_model-standard_view-LDJbEV9Alo.jpg,https://shop.adidas.jp/products/IM9382
https://shop.adidas.jp/products/IU0089/,アロハ スーパー / ALOHA SUPER,"14,300",IE0657,https://shop.adidas.jp/photo/IE/IE0657/s-IE0657-standard-side_lateral_view-7cb1ot1Ri4.jpg,https://shop.adidas.jp/products/IE0657
https://shop.adidas.jp/products/IU0089/,シュムーフォイル フェザーウェイトパーカー,"13,200",IU0106,https://shop.adidas.jp/photo/IU/IU0106/s-IU0106-on_model-standard_view-AKho4vuE7Z.jpg,https://shop.adidas.jp/products/IU0106
https://shop.adidas.jp/products/IZ3120/,Y-3 KYASU LOW,"48,400",ID1438,https://shop.adidas.jp/photo/ID/ID1438/s-ID1438-standard-side_lateral_view-36sJhl99FI.jpg,https://shop.adidas.jp/products/ID1438
https://shop.adidas.jp/products/IZ3120/,Y-3 DAD CAP,"14,850",IN2390,https://shop.adidas.jp/photo/IN/IN2390/s-IN2390-standard-front_view-P86ilFyq17.jpg,https://shop.adidas.jp/products/IN2390
https://shop.adidas.jp/products/IZ3120/,Y-3 LUX GYM BAG,"66,000",IY0097,https://shop.adidas.jp/photo/IY/IY0097/s-IY0097-standard-front_view-GVV81e5WVL.jpg,https://shop.adidas.jp/products/IY0097
https://shop.adidas.jp/products/IZ3120/,3-STRIPES TRACK TOP,"46,200",IZ3126,https://shop.adidas.jp/photo/IZ/IZ3126/s-IZ3126-on_model-standard_unisex_pair_shot-wH0ZZsyO6z.jpg,https://shop.adidas.jp/products/IZ3126
https://shop.adidas.jp/products/IM9434/,クラシック モノグラム グラフィック半袖Tシャツ,"5,170",IS0176,https://shop.adidas.jp/photo/IS/IS0176/s-IS0176-on_model-standard_view-dT3AszF6ME.jpg,https://shop.adidas.jp/products/IS0176
https://shop.adidas.jp/products/IU0090/,アロハ スーパー / ALOHA SUPER,"14,300",IE0656,https://shop.adidas.jp/photo/IE/IE0656/s-IE0656-standard-side_lateral_view-hztqZaJmCP.jpg,https://shop.adidas.jp/products/IE0656
https://shop.adidas.jp/products/IU0211/,カントリー OG / COUNTRY OG,"17,600",IE4230,https://shop.adidas.jp/photo/IE/IE4230/s-IE4230-standard-side_lateral_view-f6aR45iuNV.jpg,https://shop.adidas.jp/products/IE4230
https://shop.adidas.jp/products/IU0103/,アロハ スーパー / ALOHA SUPER,"14,300",IE0657,https://shop.adidas.jp/photo/IE/IE0657/s-IE0657-standard-side_lateral_view-7cb1ot1Ri4.jpg,https://shop.adidas.jp/products/IE0657
https://shop.adidas.jp/products/IU0103/,シュムーフォイル フェザーウェイトショーツ（ジェンダーニュートラル）,"8,800",IU0088,https://shop.adidas.jp/photo/IU/IU0088/s-IU0088-on_model-standard_unisex_pair_shot-sil926Cc3A.jpg,https://shop.adidas.jp/products/IU0088
https://shop.adidas.jp/products/IR9894/,アディカラー クラシックス ファイヤーバード トラックトップ（ジャージ）,"13,200",IR9902,https://shop.adidas.jp/photo/IR/IR9902/s-IR9902-on_model-standard_view-enwoHeLb2D.jpg,https://shop.adidas.jp/products/IR9902
https://shop.adidas.jp/products/IR9397,ブセニッツ / BUSENITZ,"14,300",G48060,https://shop.adidas.jp/photo/G4/G48060/s-G48060-standard-side_lateral_view.jpg,https://shop.adidas.jp/products/G48060
https://shop.adidas.jp/products/IK9731/,アディゼロ ボストン 12 M / ADIZERO BOSTON 12 M,"18,700",IG3320,https://shop.adidas.jp/photo/IG/IG3320/s-IG3320-standard-side_lateral_view-UzTC5LVska.jpg,https://shop.adidas.jp/products/IG3320
https://shop.adidas.jp/products/IU0104/,アロハ スーパー / ALOHA SUPER,"14,300",IE0657,https://shop.adidas.jp/photo/IE/IE0657/s-IE0657-standard-side_lateral_view-7cb1ot1Ri4.jpg,https://shop.adidas.jp/products/IE0657
https://shop.adidas.jp/products/IU0104/,シュムーフォイル フェザーウェイトショーツ（ジェンダーニュートラル）,"8,800",IU0089,https://shop.adidas.jp/photo/IU/IU0089/s-IU0089-on_model-standard_unisex_pair_shot-ab13NpYR2u.jpg,https://shop.adidas.jp/products/IU0089
https://shop.adidas.jp/products/IR9902/,アディカラー クラシックス ファイヤーバード トラックパンツ（ジャージ）,"10,670",IR9894,https://shop.adidas.jp/photo/IR/IR9894/s-IR9894-on_model-standard_view-fpajpFyPah.jpg,https://shop.adidas.jp/products/IR9894
https://shop.adidas.jp/products/IU0216,カントリー OG / COUNTRY OG,"17,600",IE4231,https://shop.adidas.jp/photo/IE/IE4231/s-IE4231-standard-side_lateral_view-baX4WT7XwU.jpg,https://shop.adidas.jp/products/IE4231
https://shop.adidas.jp/products/IU0216,スリーストライプス スケートチノパンツ,"8,360",IJ0970,https://shop.adidas.jp/photo/IJ/IJ0970/s-IJ0970-on_model-standard_unisex_pair_shot-G8h8fBSkYL.jpg,https://shop.adidas.jp/products/IJ0970
https://shop.adidas.jp/products/IU0105/,アロハ スーパー / ALOHA SUPER,"14,300",IE0657,https://shop.adidas.jp/photo/IE/IE0657/s-IE0657-standard-side_lateral_view-7cb1ot1Ri4.jpg,https://shop.adidas.jp/products/IE0657
https://shop.adidas.jp/products/IU0105/,シュムーフォイル フェザーウェイトショーツ（ジェンダーニュートラル）,"8,800",IU0090,https://shop.adidas.jp/photo/IU/IU0090/s-IU0090-on_model-standard_unisex_pair_shot-Pf9vEMemrV.jpg,https://shop.adidas.jp/products/IU0090
https://shop.adidas.jp/products/IR8401/,カントリー OG / COUNTRY OG,"17,600",IE4231,https://shop.adidas.jp/photo/IE/IE4231/s-IE4231-standard-side_lateral_view-baX4WT7XwU.jpg,https://shop.adidas.jp/products/IE4231
https://shop.adidas.jp/products/IR8401/,アディダス プレミアム REF ショーツ,"14,300",IU0211,https://shop.adidas.jp/photo/IU/IU0211/s-IU0211-on_model-standard_view-KyyMi8Ozdi.jpg,https://shop.adidas.jp/products/IU0211
https://shop.adidas.jp/products/IK9720/,アディゼロ ジャパン 8 / ADIZERO JAPAN 8,"16,500",ID6902,https://shop.adidas.jp/photo/ID/ID6902/s-ID6902-standard-side_lateral_view-JBGwYNK1m8.jpg,https://shop.adidas.jp/products/ID6902
https://shop.adidas.jp/products/IU2551/,コパ プレミア / COPA PREMIERE,"12,100",IF7529,https://shop.adidas.jp/photo/IF/IF7529/s-IF7529-standard-side_lateral_view-v0g8vMo982.jpg,https://shop.adidas.jp/products/IF7529
https://shop.adidas.jp/products/IU2551/,スケートボーディング ショーツ（ジェンダーニュートラル）,"8,250",IU0102,https://shop.adidas.jp/photo/IU/IU0102/s-IU0102-on_model-standard_unisex_pair_shot-4afVVC2cPQ.jpg,https://shop.adidas.jp/products/IU0102
https://shop.adidas.jp/products/IS2921,スーパースター XLG / SUPERSTAR XLG,"14,080",ID8378,https://shop.adidas.jp/photo/ID/ID8378/s-ID8378-standard-side_lateral_view-0Qgb2tl34A.jpg,https://shop.adidas.jp/products/ID8378
https://shop.adidas.jp/products/IS2892,アディカラー クラシックス スリーストライプス カーゴパンツ,"12,100",HR3364,https://shop.adidas.jp/photo/HR/HR3364/s-HR3364-on_model-standard_view-lp96SkS7DZ.jpg,https://shop.adidas.jp/products/HR3364
https://shop.adidas.jp/products/IS2892,スーパースター ADV / SUPERSTAR ADV,"14,300",IE0669,https://shop.adidas.jp/photo/IE/IE0669/s-IE0669-standard-side_lateral_view-lpClat6Yse.jpg,https://shop.adidas.jp/products/IE0669
https://shop.adidas.jp/products/IM2905/,X_PLRBOOST,"19,800",HP3131,https://shop.adidas.jp/photo/HP/HP3131/s-HP3131-standard-side_lateral_view-9Dx6II3OIY.jpg,https://shop.adidas.jp/products/HP3131
https://shop.adidas.jp/products/IR9688/,アディカラー クラシックス カットラインパンツ,"6,270",HK7429,https://shop.adidas.jp/photo/HK/HK7429/s-HK7429-01-o9xrNHtZLt.jpg,https://shop.adidas.jp/products/HK7429
https://shop.adidas.jp/products/IY9513,スタンスミスADV / STAN SMITHADV,"13,200",GX9753,https://shop.adidas.jp/photo/GX/GX9753/s-GX9753-standard-side_lateral_view.jpg,https://shop.adidas.jp/products/GX9753
https://shop.adidas.jp/products/IY9514,スタンスミスADV / STAN SMITHADV,"13,200",GX9753,https://shop.adidas.jp/photo/GX/GX9753/s-GX9753-standard-side_lateral_view.jpg,https://shop.adidas.jp/products/GX9753
https://shop.adidas.jp/products/IP2676/,ランニング UB23 HEAT. RDY ソックス,"2,200",HT4812,https://shop.adidas.jp/photo/HT/HT4812/s-HT4812-3d_torso-side_center_view-n3EZrDI91d.jpg,https://shop.adidas.jp/products/HT4812
https://shop.adidas.jp/products/IN2599,ブセニッツ / BUSENITZ,"14,300",G48060,https://shop.adidas.jp/photo/G4/G48060/s-G48060-standard-side_lateral_view.jpg,https://shop.adidas.jp/products/G48060
https://shop.adidas.jp/products/IT3713/,Y-3 RIVALRY,"60,500",IG4090,https://shop.adidas.jp/photo/IG/IG4090/s-IG4090-standard-side_lateral_view-NQs17BKRXE.jpg,https://shop.adidas.jp/products/IG4090
https://shop.adidas.jp/products/IT3713/,Y-3 RUNNING CAP,"14,850",IR5798,https://shop.adidas.jp/photo/IR/IR5798/s-IR5798-standard-front_view-a0N47fI9pU.jpg,https://shop.adidas.jp/products/IR5798
https://shop.adidas.jp/products/IT3713/,Y-3 REAL MADRID PRE-MATCH SHORTS,"17,600",IT3714,https://shop.adidas.jp/photo/IT/IT3714/s-IT3714-on_model-standard_view-5xnvna1P74.jpg,https://shop.adidas.jp/products/IT3714
https://shop.adidas.jp/products/IT3713/,Y-3 GRAPHIC SHORT SLEEVE TEE,"24,200",IZ3124,https://shop.adidas.jp/photo/IZ/IZ3124/s-IZ3124-on_model-standard_unisex_pair_shot-YVJG7J9WcY.jpg,https://shop.adidas.jp/products/IZ3124
https://shop.adidas.jp/products/IY9518/,スタンスミスADV / STAN SMITHADV,"13,200",GX9753,https://shop.adidas.jp/photo/GX/GX9753/s-GX9753-standard-side_lateral_view.jpg,https://shop.adidas.jp/products/GX9753
https://shop.adidas.jp/products/IP4833/,テレックス アグラヴィック スピード ウルトラトレイルランニング / TERREX AGRAVIC SPEED ULTRA TRAIL RUNNING,"29,700",IF6594,https://shop.adidas.jp/photo/IF/IF6594/s-IF6594-standard-side_lateral_view-ivQFlpS1qU.jpg,https://shop.adidas.jp/products/IF6594
https://shop.adidas.jp/products/IS0225,カントリー OG / COUNTRY OG,"17,600",IE4231,https://shop.adidas.jp/photo/IE/IE4231/s-IE4231-standard-side_lateral_view-baX4WT7XwU.jpg,https://shop.adidas.jp/products/IE4231
https://shop.adidas.jp/products/IS0225,レジャーショーツ,"8,470",IS0223,https://shop.adidas.jp/photo/IS/IS0223/s-IS0223-on_model-standard_view-G3f54kmDJN.jpg,https://shop.adidas.jp/products/IS0223
https://shop.adidas.jp/products/IY9519/,スタンスミスADV / STAN SMITHADV,"13,200",GX9753,https://shop.adidas.jp/photo/GX/GX9753/s-GX9753-standard-side_lateral_view.jpg,https://shop.adidas.jp/products/GX9753
https://shop.adidas.jp/products/IY9519/,SONG FOR THE MUTE 総柄プリントパンツ（ジェンダーニュートラル）,"26,400",IY9515,https://shop.adidas.jp/photo/IY/IY9515/s-IY9515-on_model-standard_unisex_pair_shot-QwB9NELkyt.jpg,https://shop.adidas.jp/products/IY9515
https://shop.adidas.jp/products/IT3714/,Y-3 RIVALRY,"60,500",IG4090,https://shop.adidas.jp/photo/IG/IG4090/s-IG4090-standard-side_lateral_view-NQs17BKRXE.jpg,https://shop.adidas.jp/products/IG4090
https://shop.adidas.jp/products/IT3714/,Y-3 RUNNING CAP,"14,850",IR5798,https://shop.adidas.jp/photo/IR/IR5798/s-IR5798-standard-front_view-a0N47fI9pU.jpg,https://shop.adidas.jp/products/IR5798
https://shop.adidas.jp/products/IT3714/,Y-3 REAL MADRID ANTHEM JACKET,"60,500",IT3713,https://shop.adidas.jp/photo/IT/IT3713/s-IT3713-on_model-standard_view-PeQUgit5Dp.jpg,https://shop.adidas.jp/products/IT3713
https://shop.adidas.jp/products/IT3714/,Y-3 GRAPHIC SHORT SLEEVE TEE,"24,200",IZ3124,https://shop.adidas.jp/photo/IZ/IZ3124/s-IZ3124-on_model-standard_unisex_pair_shot-YVJG7J9WcY.jpg,https://shop.adidas.jp/products/IZ3124
https://shop.adidas.jp/products/IK9687/,パフォーマンス トレーニング クォーターソックス,"2,200",IN1774,https://shop.adidas.jp/photo/IN/IN1774/s-IN1774-3d_torso-side_center_view-DL8t3pZrn7.jpg,https://shop.adidas.jp/products/IN1774
https://shop.adidas.jp/products/IS2937,レジャー コーチジャケット,"19,800",IS2949,https://shop.adidas.jp/photo/IS/IS2949/s-IS2949-on_model-standard_view-3LdKfDlEGl.jpg,https://shop.adidas.jp/products/IS2949
https://shop.adidas.jp/products/IS2937,レジャーショーツ,"8,470",IS2952,https://shop.adidas.jp/photo/IS/IS2952/s-IS2952-on_model-standard_view-dfnyCa05at.jpg,https://shop.adidas.jp/products/IS2952
https://shop.adidas.jp/products/IN3707/,シティ エスケープ プレミアム カーゴパンツ,"9,900",IR5179,https://shop.adidas.jp/photo/IR/IR5179/s-IR5179-on_model-standard_view-tPyb6VVSrV.jpg,https://shop.adidas.jp/products/IR5179
https://shop.adidas.jp/products/IS0046/,Y-3 RIVALRY,"60,500",IG4090,https://shop.adidas.jp/photo/IG/IG4090/s-IG4090-standard-side_lateral_view-NQs17BKRXE.jpg,https://shop.adidas.jp/products/IG4090
https://shop.adidas.jp/products/IS0046/,Y-3 DAD CAP,"14,850",IN2391,https://shop.adidas.jp/photo/IN/IN2391/s-IN2391-standard-front_view-WTpI6LTeDB.jpg,https://shop.adidas.jp/products/IN2391
https://shop.adidas.jp/products/IS0046/,Y-3 CONVERTIBLE CROSSBODY BAG,"44,000",IR5775,https://shop.adidas.jp/photo/IR/IR5775/s-IR5775-31-Y5FnE9d0aZ.jpg,https://shop.adidas.jp/products/IR5775
https://shop.adidas.jp/products/IS0046/,Y-3 REAL MADRID TRAVEL PANTS,"48,400",IT3715,https://shop.adidas.jp/photo/IT/IT3715/s-IT3715-marketing-heromrktng_view_1-ldL21G4zx9.jpg,https://shop.adidas.jp/products/IT3715
https://shop.adidas.jp/products/IS0046/,Y-3 REAL MADRID TRAVEL TRACK TOP,"48,400",IT3717,https://shop.adidas.jp/photo/IT/IT3717/s-IT3717-marketing-heromrktng_view_1-jVl8EkXMMy.jpg,https://shop.adidas.jp/products/IT3717
https://shop.adidas.jp/products/IK9688/,D4Tプロシリーズ ADISTRONG ワークアウトショーツ,"8,250",IT7519,https://shop.adidas.jp/photo/IT/IT7519/s-IT7519-on_model-standard_view-5IEN1EZ13N.jpg,https://shop.adidas.jp/products/IT7519
https://shop.adidas.jp/products/IS2949,グラフィック ファイア トレフォイルTシャツ,"6,050",IS2937,https://shop.adidas.jp/photo/IS/IS2937/s-IS2937-on_model-standard_view-FLMaEnd0gt.jpg,https://shop.adidas.jp/products/IS2937
https://shop.adidas.jp/products/IS2949,レジャーショーツ,"8,470",IS2952,https://shop.adidas.jp/photo/IS/IS2952/s-IS2952-on_model-standard_view-dfnyCa05at.jpg,https://shop.adidas.jp/products/IS2952
https://shop.adidas.jp/products/IS3832/,LES MILLS グラフィック タンクトップ,"4,400",IX7978,https://shop.adidas.jp/photo/IX/IX7978/s-IX7978-on_model-standard_view-6gkOQZL7Ex.jpg,https://shop.adidas.jp/products/IX7978
https://shop.adidas.jp/products/IU2341,フォーラム ロー / FORUM LOW,"12,100",FY7755,https://shop.adidas.jp/photo/FY/FY7755/s-FY7755-standard-side_lateral_view.jpg,https://shop.adidas.jp/products/FY7755
https://shop.adidas.jp/products/IU2341,アディカラー ウーブン ファイヤーバードトラックパンツ（ジャージ）,"12,100",IT2501,https://shop.adidas.jp/photo/IT/IT2501/s-IT2501-73-yPj4CJIhxl.jpg,https://shop.adidas.jp/products/IT2501
https://shop.adidas.jp/products/JD6343,アディカラー クラシックス バック+フロント トレフォイル ボクシーTシャツ,"6,270",IM4513,https://shop.adidas.jp/photo/IM/IM4513/s-IM4513-on_model-standard_view-yhKGF3ycUc.jpg,https://shop.adidas.jp/products/IM4513
https://shop.adidas.jp/products/JD6343,オリジナルス レジャー リーグ グラウンドキーパーシャツ,"11,000",JD6345,https://shop.adidas.jp/photo/JD/JD6345/s-JD6345-on_model-standard_view-HpVmlLuR3L.jpg,https://shop.adidas.jp/products/JD6345
https://shop.adidas.jp/products/IS3819/,パフォーマンス トレーニング クォーターソックス,"2,200",IN1774,https://shop.adidas.jp/photo/IN/IN1774/s-IN1774-3d_torso-side_center_view-DL8t3pZrn7.jpg,https://shop.adidas.jp/products/IN1774
https://shop.adidas.jp/products/IS3819/,ポンプ ワークアウトパンツ,"6,160",IT4311,https://shop.adidas.jp/photo/IT/IT4311/s-IT4311-on_model-standard_view-yMoUMK4GXp.jpg,https://shop.adidas.jp/products/IT4311
https://shop.adidas.jp/products/IV5577,Y-3 QASA,"60,500",IG4073,https://shop.adidas.jp/photo/IG/IG4073/s-IG4073-standard-side_lateral_view-BNOl31Pv96.jpg,https://shop.adidas.jp/products/IG4073
https://shop.adidas.jp/products/IV5577,Y-3 LUX GYM BAG,"66,000",IY0096,https://shop.adidas.jp/photo/IY/IY0096/s-IY0096-standard-front_view-MZRRX6hplV.jpg,https://shop.adidas.jp/products/IY0096
https://shop.adidas.jp/products/IY9515/,スタンスミスADV / STAN SMITHADV,"13,200",GX9753,https://shop.adidas.jp/photo/GX/GX9753/s-GX9753-standard-side_lateral_view.jpg,https://shop.adidas.jp/products/GX9753
https://shop.adidas.jp/products/JD6345,オリジナルス レジャー リーグ グラウンドキーパー ショーツ,"7,150",JD6343,https://shop.adidas.jp/photo/JD/JD6343/s-JD6343-on_model-standard_view-iiTTV1rFTC.jpg,https://shop.adidas.jp/products/JD6343
https://shop.adidas.jp/products/IY9516/,スタンスミスADV / STAN SMITHADV,"13,200",GX9753,https://shop.adidas.jp/photo/GX/GX9753/s-GX9753-standard-side_lateral_view.jpg,https://shop.adidas.jp/products/GX9753
https://shop.adidas.jp/products/IV5579,Y-3 CENTENNIAL LOW,"60,500",IG4077,https://shop.adidas.jp/photo/IG/IG4077/s-IG4077-standard-side_lateral_view-XAowOH0m65.jpg,https://shop.adidas.jp/products/IG4077
https://shop.adidas.jp/products/JD6346/,アディカラー クラシックス バック+フロント トレフォイル ボクシーTシャツ,"6,270",IM4513,https://shop.adidas.jp/photo/IM/IM4513/s-IM4513-on_model-standard_view-yhKGF3ycUc.jpg,https://shop.adidas.jp/products/IM4513
https://shop.adidas.jp/products/JD6346/,オリジナルス レジャー リーグ グラウンドキーパー ショーツ,"7,150",JD6343,https://shop.adidas.jp/photo/JD/JD6343/s-JD6343-on_model-standard_view-iiTTV1rFTC.jpg,https://shop.adidas.jp/products/JD6343
https://shop.adidas.jp/products/IV5582/,Y-3 QASA,"60,500",IG4075,https://shop.adidas.jp/photo/IG/IG4075/s-IG4075-standard-side_lateral_view-dxSf62bIPn.jpg,https://shop.adidas.jp/products/IG4075
https://shop.adidas.jp/products/IV5582/,Y-3 LUX GYM BAG,"66,000",IY0096,https://shop.adidas.jp/photo/IY/IY0096/s-IY0096-standard-front_view-MZRRX6hplV.jpg,https://shop.adidas.jp/products/IY0096
https://shop.adidas.jp/products/JJ1218/,アディカラー クラシックス カットラインパンツ,"6,270",HK7429,https://shop.adidas.jp/photo/HK/HK7429/s-HK7429-01-o9xrNHtZLt.jpg,https://shop.adidas.jp/products/HK7429
https://shop.adidas.jp/products/IV5585,Y-3 QASA,"60,500",IG4073,https://shop.adidas.jp/photo/IG/IG4073/s-IG4073-standard-side_lateral_view-BNOl31Pv96.jpg,https://shop.adidas.jp/products/IG4073
https://shop.adidas.jp/products/IV5585,Y-3 FRENCH TERRY SHORTS,"30,250",IV5577,https://shop.adidas.jp/photo/IV/IV5577/s-IV5577-on_model-standard_view-cV3doQt00k.jpg,https://shop.adidas.jp/products/IV5577
https://shop.adidas.jp/products/IV5585,Y-3 BUCKET HAT,"17,600",IX7000,https://shop.adidas.jp/photo/IX/IX7000/s-IX7000-standard-front_center_view-3D2mJAgDsT.jpg,https://shop.adidas.jp/products/IX7000
https://shop.adidas.jp/products/IT9047/,マンチェスター・ユナイテッド LFSTLR パーカー,"12,100",IA8545,https://shop.adidas.jp/photo/IA/IA8545/s-IA8545-on_model-standard_view-rwxpsXOI9u.jpg,https://shop.adidas.jp/products/IA8545
https://shop.adidas.jp/products/JJ1219/,アディカラー クラシックス カットラインパンツ,"6,270",HK7429,https://shop.adidas.jp/photo/HK/HK7429/s-HK7429-01-o9xrNHtZLt.jpg,https://shop.adidas.jp/products/HK7429
https://shop.adidas.jp/products/IV5641,Y-3 CRINKLE NYLON PANTS,"48,400",IV5838,https://shop.adidas.jp/photo/IV/IV5838/s-IV5838-on_model-standard_view-Uf4vrJrshi.jpg,https://shop.adidas.jp/products/IV5838
https://shop.adidas.jp/products/JJ1221/,アディカラー クラシックス カットラインパンツ,"6,270",HK7429,https://shop.adidas.jp/photo/HK/HK7429/s-HK7429-01-o9xrNHtZLt.jpg,https://shop.adidas.jp/products/HK7429
https://shop.adidas.jp/products/IB0870/,レアル・マドリード ティロ 23 トレーニングジャージー,"6,270",IB0867,https://shop.adidas.jp/photo/IB/IB0867/s-IB0867-on_model-standard_view-M83myDB9hM.jpg,https://shop.adidas.jp/products/IB0867
https://shop.adidas.jp/products/IW0241/,オールブラックス メランジパンツ,"7,700",IW0246,https://shop.adidas.jp/photo/IW/IW0246/s-IW0246-on_model-standard_view-eA0Zs9beRu.jpg,https://shop.adidas.jp/products/IW0246
https://shop.adidas.jp/products/IN8702,Y-3 RIVALRY,"60,500",IG4090,https://shop.adidas.jp/photo/IG/IG4090/s-IG4090-standard-side_lateral_view-NQs17BKRXE.jpg,https://shop.adidas.jp/products/IG4090
https://shop.adidas.jp/products/IN8702,Y-3 SPORT UNIFORM COACH JACKET,"60,500",IN8703,https://shop.adidas.jp/photo/IN/IN8703/s-IN8703-on_model-standard_view-LqdlIUGgOM.jpg,https://shop.adidas.jp/products/IN8703
https://shop.adidas.jp/products/IN8703,Y-3 RIVALRY,"60,500",IG4090,https://shop.adidas.jp/photo/IG/IG4090/s-IG4090-standard-side_lateral_view-NQs17BKRXE.jpg,https://shop.adidas.jp/products/IG4090
https://shop.adidas.jp/products/JF8737/,アディカラー クラシックス バック+フロント トレフォイル ボクシーTシャツ,"6,270",II5760,https://shop.adidas.jp/photo/II/II5760/s-II5760-on_model-standard_view-HxFkJ9D28t.jpg,https://shop.adidas.jp/products/II5760
https://shop.adidas.jp/products/JF8737/,クライマクール トラックパンツ（ジャージ）,"11,000",JH5035,https://shop.adidas.jp/photo/JH/JH5035/s-JH5035-on_model-standard_view-PxBYTSM19l.jpg,https://shop.adidas.jp/products/JH5035
https://shop.adidas.jp/products/IN8743,Y-3 S-GENDO RUN,"66,550",IG4053,https://shop.adidas.jp/photo/IG/IG4053/s-IG4053-standard-side_lateral_view-hBYSXcs7AD.jpg,https://shop.adidas.jp/products/IG4053
https://shop.adidas.jp/products/IN8743,Y-3 RUNNING SHORTS,"25,850",IN8747,https://shop.adidas.jp/photo/IN/IN8747/s-IN8747-on_model-standard_view-u1Qf6zd7OY.jpg,https://shop.adidas.jp/products/IN8747
https://shop.adidas.jp/products/JF8739/,クライマクール ショーツ,"6,050",JF8740,https://shop.adidas.jp/photo/JF/JF8740/s-JF8740-on_model-standard_view-X4tIa1Qge7.jpg,https://shop.adidas.jp/products/JF8740
https://shop.adidas.jp/products/IW0246/,オールブラックス メランジスウェット,"8,800",IW0241,https://shop.adidas.jp/photo/IW/IW0241/s-IW0241-on_model-standard_view-xue4e9MqCa.jpg,https://shop.adidas.jp/products/IW0241
https://shop.adidas.jp/products/IN8746,Y-3 QASA,"60,500",IG4073,https://shop.adidas.jp/photo/IG/IG4073/s-IG4073-standard-side_lateral_view-BNOl31Pv96.jpg,https://shop.adidas.jp/products/IG4073
https://shop.adidas.jp/products/IN8746,Y-3 RUNNING CAP,"14,850",IR5798,https://shop.adidas.jp/photo/IR/IR5798/s-IR5798-standard-front_view-a0N47fI9pU.jpg,https://shop.adidas.jp/products/IR5798
https://shop.adidas.jp/products/JH4964/,クライマクール ショーツ,"6,050",JH5036,https://shop.adidas.jp/photo/JH/JH5036/s-JH5036-on_model-standard_view-5AVsEMpQ3l.jpg,https://shop.adidas.jp/products/JH5036
https://shop.adidas.jp/products/IW0247/,オールブラックス メランジ 半袖Tシャツ,"5,170",IW0256,https://shop.adidas.jp/photo/IW/IW0256/s-IW0256-on_model-standard_view-dn9CjrWmzc.jpg,https://shop.adidas.jp/products/IW0256
https://shop.adidas.jp/products/IL5061/,ソーラーモーション 24,"15,950",IF0274,https://shop.adidas.jp/photo/IF/IF0274/s-IF0274-standard-side_lateral_view-0uNKOZHOLY.jpg,https://shop.adidas.jp/products/IF0274
https://shop.adidas.jp/products/IL5061/,ULT365 ツイストニット ルーズフィット ベントジョガー,"10,890",IU2821,https://shop.adidas.jp/photo/IU/IU2821/s-IU2821-on_model-standard_view-eCZCmmRBsp.jpg,https://shop.adidas.jp/products/IU2821
https://shop.adidas.jp/products/JF8740/,クライマクール ジャージー,"9,900",JF8739,https://shop.adidas.jp/photo/JF/JF8739/s-JF8739-on_model-standard_view-TUQ2TxR9C7.jpg,https://shop.adidas.jp/products/JF8739
https://shop.adidas.jp/products/IW0249/,オールブラックス カモフラージュ ショーツ,"6,050",IW0253,https://shop.adidas.jp/photo/IW/IW0253/s-IW0253-on_model-standard_view-JKgDZ7x3c7.jpg,https://shop.adidas.jp/products/IW0253
https://shop.adidas.jp/products/IR7143/,ソーラーモーション ボア 24,"17,930",IF0284,https://shop.adidas.jp/photo/IF/IF0284/s-IF0284-standard-side_lateral_view-5OnRgP2oU8.jpg,https://shop.adidas.jp/products/IF0284
https://shop.adidas.jp/products/IR7143/,ULT365 ツイストニット ルーズフィット ベントジョガー,"10,890",IR7146,https://shop.adidas.jp/photo/IR/IR7146/s-IR7146-10-5HYAAJVkwf.jpg,https://shop.adidas.jp/products/IR7146
https://shop.adidas.jp/products/IV8220,Y-3 GENDO PRO MODEL,"121,000",IG4111,https://shop.adidas.jp/photo/IG/IG4111/s-IG4111-standard-side_lateral_view-8AqzTp0K0b.jpg,https://shop.adidas.jp/products/IG4111
https://shop.adidas.jp/products/IV8220,Y-3 NYLON TWILL CUFFED PANTS,"50,600",IN8756,https://shop.adidas.jp/photo/IN/IN8756/s-IN8756-on_model-standard_view-3VeJ0Q83Ce.jpg,https://shop.adidas.jp/products/IN8756
https://shop.adidas.jp/products/IV8220,Y-3 BUCKET HAT,"17,600",IX7000,https://shop.adidas.jp/photo/IX/IX7000/s-IX7000-standard-front_center_view-3D2mJAgDsT.jpg,https://shop.adidas.jp/products/IX7000
https://shop.adidas.jp/products/JH5036/,クライマクール ジャージー,"9,900",JH4964,https://shop.adidas.jp/photo/JH/JH4964/s-JH4964-on_model-standard_view-5dS0X5V0GV.jpg,https://shop.adidas.jp/products/JH4964
https://shop.adidas.jp/products/IW0253/,オールブラックス メランジ 半袖Tシャツ,"5,170",IW0256,https://shop.adidas.jp/photo/IW/IW0256/s-IW0256-on_model-standard_view-dn9CjrWmzc.jpg,https://shop.adidas.jp/products/IW0256
https://shop.adidas.jp/products/IU4338/,ソーラーモーション 24,"15,950",IF0274,https://shop.adidas.jp/photo/IF/IF0274/s-IF0274-standard-side_lateral_view-0uNKOZHOLY.jpg,https://shop.adidas.jp/products/IF0274
https://shop.adidas.jp/products/IU4338/,ULT365 ツイストウィーブ 撥水防風ショーツ,"9,900",IR7151,https://shop.adidas.jp/photo/IR/IR7151/s-IR7151-marketing-heromrktng_view_3-pLlZJeMGzf.jpg,https://shop.adidas.jp/products/IR7151
https://shop.adidas.jp/products/IV8221/,Y-3 RIVALRY,"60,500",IG4090,https://shop.adidas.jp/photo/IG/IG4090/s-IG4090-standard-side_lateral_view-NQs17BKRXE.jpg,https://shop.adidas.jp/products/IG4090
https://shop.adidas.jp/products/IV8221/,Y-3 DAD CAP,"14,850",IN2391,https://shop.adidas.jp/photo/IN/IN2391/s-IN2391-standard-front_view-WTpI6LTeDB.jpg,https://shop.adidas.jp/products/IN2391
https://shop.adidas.jp/products/IV8221/,Y-3 CRINKLE NYLON PANTS,"48,400",IV5839,https://shop.adidas.jp/photo/IV/IV5839/s-IV5839-on_model-standard_view-S5KGLriMPo.jpg,https://shop.adidas.jp/products/IV5839
https://shop.adidas.jp/products/IU4339/,ソーラーモーション 24,"15,950",IF0274,https://shop.adidas.jp/photo/IF/IF0274/s-IF0274-standard-side_lateral_view-0uNKOZHOLY.jpg,https://shop.adidas.jp/products/IF0274
https://shop.adidas.jp/products/IU4339/,ULT365 ツイストウィーブ 撥水防風ショーツ,"9,900",IR7149,https://shop.adidas.jp/photo/IR/IR7149/s-IR7149-on_model-standard_view-1SlInIXOjs.jpg,https://shop.adidas.jp/products/IR7149
https://shop.adidas.jp/products/IT8859/,アディゼロ タクミ セン 10 / ADIZERO TAKUMI SEN 10,"22,000",IG8203,https://shop.adidas.jp/photo/IG/IG8203/s-IG8203-standard-side_lateral_view-YqTQlPMt1j.jpg,https://shop.adidas.jp/products/IG8203
https://shop.adidas.jp/products/IT8859/,ROAD TO RECORDS ショーツ,"9,900",IT8860,https://shop.adidas.jp/photo/IT/IT8860/s-IT8860-marketing-heromrktng_view_1-Ns9rBZdjcc.jpg,https://shop.adidas.jp/products/IT8860
https://shop.adidas.jp/products/IV8224/,Y-3 GSG9,"66,550",IE5662,https://shop.adidas.jp/photo/IE/IE5662/s-IE5662-standard-side_lateral_view-1UBXYOgA6u.jpg,https://shop.adidas.jp/products/IE5662
https://shop.adidas.jp/products/IV8224/,Y-3 CRINKLE NYLON PANTS,"48,400",IV5839,https://shop.adidas.jp/photo/IV/IV5839/s-IV5839-on_model-standard_view-S5KGLriMPo.jpg,https://shop.adidas.jp/products/IV5839
https://shop.adidas.jp/products/IT3425,ロード サイクリング 2.0 / THE ROAD CYCLING SHOE 2.0,"11,220",HQ3486,https://shop.adidas.jp/photo/HQ/HQ3486/s-HQ3486-standard-side_lateral_view-11jG5u2IZD.jpg,https://shop.adidas.jp/products/HQ3486
https://shop.adidas.jp/products/IT3425,エッセンシャルズ スリーストライプス パデッドサイクリング ビブショーツ,"15,400",IP2676,https://shop.adidas.jp/photo/IP/IP2676/s-IP2676-on_model-standard_view-tshbeAFwfQ.jpg,https://shop.adidas.jp/products/IP2676
https://shop.adidas.jp/products/IL5057/,ツアー360 24 ボア,"33,000",IF0252,https://shop.adidas.jp/photo/IF/IF0252/s-IF0252-standard-side_lateral_view-qLLazMYoEd.jpg,https://shop.adidas.jp/products/IF0252
https://shop.adidas.jp/products/IL5057/,ULT365 ツイストウィーブ 撥水防風ショーツ,"9,900",IR7150,https://shop.adidas.jp/photo/IR/IR7150/s-IR7150-on_model-standard_view-lh07TCy7s8.jpg,https://shop.adidas.jp/products/IR7150
https://shop.adidas.jp/products/IL5057/,ULT365 ツイストニット ピケルーズフィットポロ,"9,900",IU4338,https://shop.adidas.jp/photo/IU/IU4338/s-IU4338-on_model-standard_view-jp4pbGWZsR.jpg,https://shop.adidas.jp/products/IU4338
https://shop.adidas.jp/products/IV8235/,Y-3 QASA,"60,500",IG4073,https://shop.adidas.jp/photo/IG/IG4073/s-IG4073-standard-side_lateral_view-BNOl31Pv96.jpg,https://shop.adidas.jp/products/IG4073
https://shop.adidas.jp/products/IP2310,ジム+ トレーニング ウーブンショーツ,"4,400",IP4467,https://shop.adidas.jp/photo/IP/IP4467/s-IP4467-on_model-standard_view-PUR0mAYnUj.jpg,https://shop.adidas.jp/products/IP4467
https://shop.adidas.jp/products/IM8917/,ハンドボール プロ SPZL / HANDBALL PRO SPZL,"18,700",IG8942,https://shop.adidas.jp/photo/IG/IG8942/s-IG8942-standard-side_lateral_view-eI6B6Hf9ke.jpg,https://shop.adidas.jp/products/IG8942
https://shop.adidas.jp/products/IM8917/,TRENTHAM JACKET,"27,500",IM8927,https://shop.adidas.jp/photo/IM/IM8927/s-IM8927-on_model-standard_view-lvcJAGNbhW.jpg,https://shop.adidas.jp/products/IM8927
https://shop.adidas.jp/products/IM8917/,ステイトメント アンクルソックス,"3,300",IT4243,https://shop.adidas.jp/photo/IT/IT4243/s-IT4243-standard-front_view-3kLOo5sIt5.jpg,https://shop.adidas.jp/products/IT4243
https://shop.adidas.jp/products/IM8917/,MOD トレフォイル 10 Tシャツ,"9,350",IT4263,https://shop.adidas.jp/photo/IT/IT4263/s-IT4263-on_model-standard_view-uVLy5dsi16.jpg,https://shop.adidas.jp/products/IT4263
https://shop.adidas.jp/products/IR6254/,Y-3 RIVALRY,"60,500",IG4091,https://shop.adidas.jp/photo/IG/IG4091/s-IG4091-standard-side_lateral_view-rSdRR9Xbns.jpg,https://shop.adidas.jp/products/IG4091
https://shop.adidas.jp/products/IR6254/,Y-3 RUST DYE SHORT SLEEVE TEE,"30,250",IR6255,https://shop.adidas.jp/photo/IR/IR6255/s-IR6255-on_model-standard_view-FACWEWnb6L.jpg,https://shop.adidas.jp/products/IR6255
https://shop.adidas.jp/products/IR7144/,ソーラーモーション 24,"15,950",IF0274,https://shop.adidas.jp/photo/IF/IF0274/s-IF0274-standard-side_lateral_view-0uNKOZHOLY.jpg,https://shop.adidas.jp/products/IF0274
https://shop.adidas.jp/products/IR7144/,ULT365 ツイストニット ピケルーズフィットポロ,"9,900",IL5061,https://shop.adidas.jp/photo/IL/IL5061/s-IL5061-marketing-heromrktng_view_1-gyostjBNXy.jpg,https://shop.adidas.jp/products/IL5061
https://shop.adidas.jp/products/IR7144/,ULT365 ツイストニット ルーズフィット ベントジョガー,"10,890",IU2821,https://shop.adidas.jp/photo/IU/IU2821/s-IU2821-on_model-standard_view-eCZCmmRBsp.jpg,https://shop.adidas.jp/products/IU2821
https://shop.adidas.jp/products/IR5874/,ジム+ トレーニング ウーブンショーツ,"4,400",IP4467,https://shop.adidas.jp/photo/IP/IP4467/s-IP4467-on_model-standard_view-PUR0mAYnUj.jpg,https://shop.adidas.jp/products/IP4467
https://shop.adidas.jp/products/IR6255/,Y-3 RIVALRY,"60,500",IG4091,https://shop.adidas.jp/photo/IG/IG4091/s-IG4091-standard-side_lateral_view-rSdRR9Xbns.jpg,https://shop.adidas.jp/products/IG4091
https://shop.adidas.jp/products/IR6255/,Y-3 RUST DYE SHORTS,"34,100",IR6254,https://shop.adidas.jp/photo/IR/IR6254/s-IR6254-on_model-standard_view-9WhZrMkHMu.jpg,https://shop.adidas.jp/products/IR6254
https://shop.adidas.jp/products/IR7145/,ソーラーモーション ボア 24,"17,930",IF0284,https://shop.adidas.jp/photo/IF/IF0284/s-IF0284-standard-side_lateral_view-5OnRgP2oU8.jpg,https://shop.adidas.jp/products/IF0284
https://shop.adidas.jp/products/IR7145/,ULT365 ツイストニット ピケルーズフィットポロ,"9,900",IR7143,https://shop.adidas.jp/photo/IR/IR7143/s-IR7143-on_model-standard_view-5WFBh5yav3.jpg,https://shop.adidas.jp/products/IR7143
https://shop.adidas.jp/products/IR7145/,ULT365 ツイストニット ルーズフィット ベントジョガー,"10,890",IR7146,https://shop.adidas.jp/photo/IR/IR7146/s-IR7146-10-5HYAAJVkwf.jpg,https://shop.adidas.jp/products/IR7146
https://shop.adidas.jp/products/IM8919/,ハンドボール プロ SPZL / HANDBALL PRO SPZL,"18,700",IG8942,https://shop.adidas.jp/photo/IG/IG8942/s-IG8942-standard-side_lateral_view-eI6B6Hf9ke.jpg,https://shop.adidas.jp/products/IG8942
https://shop.adidas.jp/products/IM8919/,ROSSENDALE ショーツ,"18,700",IM8917,https://shop.adidas.jp/photo/IM/IM8917/s-IM8917-on_model-standard_view-xqsEDT4a3m.jpg,https://shop.adidas.jp/products/IM8917
https://shop.adidas.jp/products/IM8919/,ステイトメント アンクルソックス,"3,300",IT4243,https://shop.adidas.jp/photo/IT/IT4243/s-IT4243-standard-front_view-3kLOo5sIt5.jpg,https://shop.adidas.jp/products/IT4243
https://shop.adidas.jp/products/IU0106/,アロハ スーパー / ALOHA SUPER,"14,300",IE0657,https://shop.adidas.jp/photo/IE/IE0657/s-IE0657-standard-side_lateral_view-7cb1ot1Ri4.jpg,https://shop.adidas.jp/products/IE0657
https://shop.adidas.jp/products/IU0106/,シュムーフォイル フェザーウェイトショーツ（ジェンダーニュートラル）,"8,800",IU0088,https://shop.adidas.jp/photo/IU/IU0088/s-IU0088-on_model-standard_unisex_pair_shot-sil926Cc3A.jpg,https://shop.adidas.jp/products/IU0088
https://shop.adidas.jp/products/IR7148/,ULT365 ツイストウィーブ 撥水防風ショーツ,"9,900",IR7151,https://shop.adidas.jp/photo/IR/IR7151/s-IR7151-marketing-heromrktng_view_3-pLlZJeMGzf.jpg,https://shop.adidas.jp/products/IR7151
https://shop.adidas.jp/products/IM8920/,ウィットワース SPZL / WHITWORTH SPZL,"22,000",ID3513,https://shop.adidas.jp/photo/ID/ID3513/s-ID3513-standard-side_lateral_view-aIphTIYkcr.jpg,https://shop.adidas.jp/products/ID3513
https://shop.adidas.jp/products/IM8920/,ANGLEZARKE トラックトップ（ジャージ）,"23,100",IM8921,https://shop.adidas.jp/photo/IM/IM8921/s-IM8921-on_model-standard_view-EQwf9Gv4GA.jpg,https://shop.adidas.jp/products/IM8921
https://shop.adidas.jp/products/IM8920/,MOD トレフォイル 10 Tシャツ,"9,350",IT4263,https://shop.adidas.jp/photo/IT/IT4263/s-IT4263-on_model-standard_view-uVLy5dsi16.jpg,https://shop.adidas.jp/products/IT4263
https://shop.adidas.jp/products/IU0107/,アロハ スーパー / ALOHA SUPER,"14,300",IE0657,https://shop.adidas.jp/photo/IE/IE0657/s-IE0657-standard-side_lateral_view-7cb1ot1Ri4.jpg,https://shop.adidas.jp/products/IE0657
https://shop.adidas.jp/products/IU0107/,シュムーフォイル フェザーウェイトショーツ（ジェンダーニュートラル）,"8,800",IU0089,https://shop.adidas.jp/photo/IU/IU0089/s-IU0089-on_model-standard_unisex_pair_shot-ab13NpYR2u.jpg,https://shop.adidas.jp/products/IU0089
https://shop.adidas.jp/products/IU4503/,ソーラーモーション 24,"15,950",IF0274,https://shop.adidas.jp/photo/IF/IF0274/s-IF0274-standard-side_lateral_view-0uNKOZHOLY.jpg,https://shop.adidas.jp/products/IF0274
https://shop.adidas.jp/products/IU4503/,ULT365 ツイストニット ピケルーズフィットポロ,"9,900",IU4339,https://shop.adidas.jp/photo/IU/IU4339/s-IU4339-on_model-standard_view-IEkJhCVM3g.jpg,https://shop.adidas.jp/products/IU4339
https://shop.adidas.jp/products/IU2552/,コパ プレミア / COPA PREMIERE,"12,100",IF7529,https://shop.adidas.jp/photo/IF/IF7529/s-IF7529-standard-side_lateral_view-v0g8vMo982.jpg,https://shop.adidas.jp/products/IF7529
https://shop.adidas.jp/products/IU2552/,スケートボーディング ショーツ（ジェンダーニュートラル）,"8,250",IU0102,https://shop.adidas.jp/photo/IU/IU0102/s-IU0102-on_model-standard_unisex_pair_shot-4afVVC2cPQ.jpg,https://shop.adidas.jp/products/IU0102
https://shop.adidas.jp/products/IN6639/,パンチング 無段階調節ベルト,"8,690",HA5950,https://shop.adidas.jp/photo/HA/HA5950/s-HA5950-standard-front_view.jpg,https://shop.adidas.jp/products/HA5950
https://shop.adidas.jp/products/IN6639/,ツアー360 24,"33,000",IF0243,https://shop.adidas.jp/photo/IF/IF0243/s-IF0243-marketing-heromrktng_view_1-NQIqHGkiOK.jpg,https://shop.adidas.jp/products/IF0243
https://shop.adidas.jp/products/IN6639/,ULT365 ツイストニット ピケルーズフィットポロ,"9,900",IL5061,https://shop.adidas.jp/photo/IL/IL5061/s-IL5061-marketing-heromrktng_view_1-gyostjBNXy.jpg,https://shop.adidas.jp/products/IL5061
https://shop.adidas.jp/products/IN6639/,ULT365 PRIMEKNIT フーディージャケット,"27,500",IN6663,https://shop.adidas.jp/photo/IN/IN6663/s-IN6663-marketing-heromrktng_view_1-Q1zccXVr5I.jpg,https://shop.adidas.jp/products/IN6663
https://shop.adidas.jp/products/IM8927/,ウィットワース SPZL / WHITWORTH SPZL,"22,000",ID3513,https://shop.adidas.jp/photo/ID/ID3513/s-ID3513-standard-side_lateral_view-aIphTIYkcr.jpg,https://shop.adidas.jp/products/ID3513
https://shop.adidas.jp/products/IM8927/,LYTHAM TEE,"9,350",IM8915,https://shop.adidas.jp/photo/IM/IM8915/s-IM8915-on_model-standard_view-GMuL4xof13.jpg,https://shop.adidas.jp/products/IM8915
https://shop.adidas.jp/products/IM8927/,ROSSENDALE ショーツ,"18,700",IM8917,https://shop.adidas.jp/photo/IM/IM8917/s-IM8917-on_model-standard_view-xqsEDT4a3m.jpg,https://shop.adidas.jp/products/IM8917
https://shop.adidas.jp/products/IM8927/,ステイトメント アンクルソックス,"3,300",IT4243,https://shop.adidas.jp/photo/IT/IT4243/s-IT4243-standard-front_view-3kLOo5sIt5.jpg,https://shop.adidas.jp/products/IT4243
https://shop.adidas.jp/products/IN6640/,ブレード ストレッチベルト,"4,950",HS5560,https://shop.adidas.jp/photo/HS/HS5560/s-HS5560-standard-front_view-y3TuYvd6l3.jpg,https://shop.adidas.jp/products/HS5560
https://shop.adidas.jp/products/IN6640/,ツアー360 24,"33,000",IF0243,https://shop.adidas.jp/photo/IF/IF0243/s-IF0243-marketing-heromrktng_view_1-NQIqHGkiOK.jpg,https://shop.adidas.jp/products/IF0243
https://shop.adidas.jp/products/IT4262/,ハンドボール プロ SPZL / HANDBALL PRO SPZL,"18,700",IG8942,https://shop.adidas.jp/photo/IG/IG8942/s-IG8942-standard-side_lateral_view-eI6B6Hf9ke.jpg,https://shop.adidas.jp/products/IG8942
https://shop.adidas.jp/products/IT4262/,ROSSENDALE ショーツ,"18,700",IM8917,https://shop.adidas.jp/photo/IM/IM8917/s-IM8917-on_model-standard_view-xqsEDT4a3m.jpg,https://shop.adidas.jp/products/IM8917
https://shop.adidas.jp/products/IT4262/,ステイトメント アンクルソックス,"3,300",IT4243,https://shop.adidas.jp/photo/IT/IT4243/s-IT4243-standard-front_view-3kLOo5sIt5.jpg,https://shop.adidas.jp/products/IT4243
https://shop.adidas.jp/products/IT4262/,MOD トレフォイル 10 Tシャツ,"9,350",IT4263,https://shop.adidas.jp/photo/IT/IT4263/s-IT4263-on_model-standard_view-uVLy5dsi16.jpg,https://shop.adidas.jp/products/IT4263
https://shop.adidas.jp/products/IN6641/,パンチング 無段階調節ベルト,"8,690",HA5950,https://shop.adidas.jp/photo/HA/HA5950/s-HA5950-standard-front_view.jpg,https://shop.adidas.jp/products/HA5950
https://shop.adidas.jp/products/IN6641/,ツアー360 24,"33,000",IF0243,https://shop.adidas.jp/photo/IF/IF0243/s-IF0243-marketing-heromrktng_view_1-NQIqHGkiOK.jpg,https://shop.adidas.jp/products/IF0243
https://shop.adidas.jp/products/IN6641/,ULT365 PRIMEKNITサイドシームレス ポロ,"12,980",IM9871,https://shop.adidas.jp/photo/IM/IM9871/s-IM9871-on_model-standard_view-4IJap2WhT3.jpg,https://shop.adidas.jp/products/IM9871
https://shop.adidas.jp/products/IN6649/,ブレード ストレッチベルト,"4,950",HZ4311,https://shop.adidas.jp/photo/HZ/HZ4311/s-HZ4311-standard-front_view-5Du612biCG.jpg,https://shop.adidas.jp/products/HZ4311
https://shop.adidas.jp/products/IN6649/,ツアー360 24 ボア,"33,000",IF0252,https://shop.adidas.jp/photo/IF/IF0252/s-IF0252-standard-side_lateral_view-qLLazMYoEd.jpg,https://shop.adidas.jp/products/IF0252
https://shop.adidas.jp/products/IN6650/,ブレード ストレッチベルト,"4,950",HS5560,https://shop.adidas.jp/photo/HS/HS5560/s-HS5560-standard-front_view-y3TuYvd6l3.jpg,https://shop.adidas.jp/products/HS5560
https://shop.adidas.jp/products/IN6650/,ツアー360 24 ボア,"33,000",IF0252,https://shop.adidas.jp/photo/IF/IF0252/s-IF0252-standard-side_lateral_view-qLLazMYoEd.jpg,https://shop.adidas.jp/products/IF0252
https://shop.adidas.jp/products/IN6650/,ULT365 ピンホールベンチレーション ストレッチパンツ,"13,970",IN6640,https://shop.adidas.jp/photo/IN/IN6640/s-IN6640-on_model-standard_view-ZXekMBxRob.jpg,https://shop.adidas.jp/products/IN6640
https://shop.adidas.jp/products/IN6651/,ツアー スリーストライプス キャップ,"3,630",HT3335,https://shop.adidas.jp/photo/HT/HT3335/s-HT3335-standard-front_view-3AAk9RDWWb.jpg,https://shop.adidas.jp/products/HT3335
https://shop.adidas.jp/products/IN6651/,ブレード ストレッチベルト,"4,950",HZ4311,https://shop.adidas.jp/photo/HZ/HZ4311/s-HZ4311-standard-front_view-5Du612biCG.jpg,https://shop.adidas.jp/products/HZ4311
https://shop.adidas.jp/products/IN6651/,ツアー360 24 ボア,"33,000",IF0252,https://shop.adidas.jp/photo/IF/IF0252/s-IF0252-standard-side_lateral_view-qLLazMYoEd.jpg,https://shop.adidas.jp/products/IF0252
https://shop.adidas.jp/products/IN6651/,ULT365 ミニチェックストレッチアンクルパンツ,"16,940",IN6644,https://shop.adidas.jp/photo/IN/IN6644/s-IN6644-10-QFW1HNUImm.jpg,https://shop.adidas.jp/products/IN6644
